PRAGMA foreign_keys=OFF;
BEGIN TRANSACTION;
CREATE TABLE IF NOT EXISTS "django_migrations" ("id" integer NOT NULL PRIMARY KEY AUTOINCREMENT, "app" varchar(255) NOT NULL, "name" varchar(255) NOT NULL, "applied" datetime NOT NULL);
INSERT INTO django_migrations VALUES(1,'contenttypes','0001_initial','2023-06-16 17:50:35.434821');
INSERT INTO django_migrations VALUES(2,'contenttypes','0002_remove_content_type_name','2023-06-16 17:50:35.566159');
INSERT INTO django_migrations VALUES(3,'auth','0001_initial','2023-06-16 17:50:35.755796');
INSERT INTO django_migrations VALUES(4,'auth','0002_alter_permission_name_max_length','2023-06-16 17:50:35.850878');
INSERT INTO django_migrations VALUES(5,'auth','0003_alter_user_email_max_length','2023-06-16 17:50:35.981891');
INSERT INTO django_migrations VALUES(6,'auth','0004_alter_user_username_opts','2023-06-16 17:50:36.103728');
INSERT INTO django_migrations VALUES(7,'auth','0005_alter_user_last_login_null','2023-06-16 17:50:36.235379');
INSERT INTO django_migrations VALUES(8,'auth','0006_require_contenttypes_0002','2023-06-16 17:50:36.335413');
INSERT INTO django_migrations VALUES(9,'auth','0007_alter_validators_add_error_messages','2023-06-16 17:50:36.498034');
INSERT INTO django_migrations VALUES(10,'auth','0008_alter_user_username_max_length','2023-06-16 17:50:36.620751');
INSERT INTO django_migrations VALUES(11,'auth','0009_alter_user_last_name_max_length','2023-06-16 17:50:36.736250');
INSERT INTO django_migrations VALUES(12,'auth','0010_alter_group_name_max_length','2023-06-16 17:50:36.852002');
INSERT INTO django_migrations VALUES(13,'auth','0011_update_proxy_permissions','2023-06-16 17:50:36.968093');
INSERT INTO django_migrations VALUES(14,'auth','0012_alter_user_first_name_max_length','2023-06-16 17:50:37.068120');
INSERT INTO django_migrations VALUES(15,'attendancefpcheck_app','0001_initial','2023-06-16 17:50:37.352919');
INSERT INTO django_migrations VALUES(16,'admin','0001_initial','2023-06-16 17:50:37.606315');
INSERT INTO django_migrations VALUES(17,'admin','0002_logentry_remove_auto_add','2023-06-16 17:50:37.737776');
INSERT INTO django_migrations VALUES(18,'admin','0003_logentry_add_action_flag_choices','2023-06-16 17:50:37.870434');
INSERT INTO django_migrations VALUES(19,'sessions','0001_initial','2023-06-16 17:50:38.106620');
CREATE TABLE IF NOT EXISTS "django_content_type" ("id" integer NOT NULL PRIMARY KEY AUTOINCREMENT, "app_label" varchar(100) NOT NULL, "model" varchar(100) NOT NULL);
INSERT INTO django_content_type VALUES(1,'admin','logentry');
INSERT INTO django_content_type VALUES(2,'auth','permission');
INSERT INTO django_content_type VALUES(3,'auth','group');
INSERT INTO django_content_type VALUES(4,'contenttypes','contenttype');
INSERT INTO django_content_type VALUES(5,'sessions','session');
INSERT INTO django_content_type VALUES(6,'attendancefpcheck_app','user');
INSERT INTO django_content_type VALUES(7,'attendancefpcheck_app','entreprise');
INSERT INTO django_content_type VALUES(8,'attendancefpcheck_app','lecteur');
INSERT INTO django_content_type VALUES(9,'attendancefpcheck_app','presence');
INSERT INTO django_content_type VALUES(10,'attendancefpcheck_app','empreinte');
CREATE TABLE IF NOT EXISTS "auth_group_permissions" ("id" integer NOT NULL PRIMARY KEY AUTOINCREMENT, "group_id" integer NOT NULL REFERENCES "auth_group" ("id") DEFERRABLE INITIALLY DEFERRED, "permission_id" integer NOT NULL REFERENCES "auth_permission" ("id") DEFERRABLE INITIALLY DEFERRED);
CREATE TABLE IF NOT EXISTS "auth_permission" ("id" integer NOT NULL PRIMARY KEY AUTOINCREMENT, "content_type_id" integer NOT NULL REFERENCES "django_content_type" ("id") DEFERRABLE INITIALLY DEFERRED, "codename" varchar(100) NOT NULL, "name" varchar(255) NOT NULL);
INSERT INTO auth_permission VALUES(1,1,'add_logentry','Can add log entry');
INSERT INTO auth_permission VALUES(2,1,'change_logentry','Can change log entry');
INSERT INTO auth_permission VALUES(3,1,'delete_logentry','Can delete log entry');
INSERT INTO auth_permission VALUES(4,1,'view_logentry','Can view log entry');
INSERT INTO auth_permission VALUES(5,2,'add_permission','Can add permission');
INSERT INTO auth_permission VALUES(6,2,'change_permission','Can change permission');
INSERT INTO auth_permission VALUES(7,2,'delete_permission','Can delete permission');
INSERT INTO auth_permission VALUES(8,2,'view_permission','Can view permission');
INSERT INTO auth_permission VALUES(9,3,'add_group','Can add group');
INSERT INTO auth_permission VALUES(10,3,'change_group','Can change group');
INSERT INTO auth_permission VALUES(11,3,'delete_group','Can delete group');
INSERT INTO auth_permission VALUES(12,3,'view_group','Can view group');
INSERT INTO auth_permission VALUES(13,4,'add_contenttype','Can add content type');
INSERT INTO auth_permission VALUES(14,4,'change_contenttype','Can change content type');
INSERT INTO auth_permission VALUES(15,4,'delete_contenttype','Can delete content type');
INSERT INTO auth_permission VALUES(16,4,'view_contenttype','Can view content type');
INSERT INTO auth_permission VALUES(17,5,'add_session','Can add session');
INSERT INTO auth_permission VALUES(18,5,'change_session','Can change session');
INSERT INTO auth_permission VALUES(19,5,'delete_session','Can delete session');
INSERT INTO auth_permission VALUES(20,5,'view_session','Can view session');
INSERT INTO auth_permission VALUES(21,6,'add_user','Can add user');
INSERT INTO auth_permission VALUES(22,6,'change_user','Can change user');
INSERT INTO auth_permission VALUES(23,6,'delete_user','Can delete user');
INSERT INTO auth_permission VALUES(24,6,'view_user','Can view user');
INSERT INTO auth_permission VALUES(25,7,'add_entreprise','Can add entreprise');
INSERT INTO auth_permission VALUES(26,7,'change_entreprise','Can change entreprise');
INSERT INTO auth_permission VALUES(27,7,'delete_entreprise','Can delete entreprise');
INSERT INTO auth_permission VALUES(28,7,'view_entreprise','Can view entreprise');
INSERT INTO auth_permission VALUES(29,8,'add_lecteur','Can add lecteur');
INSERT INTO auth_permission VALUES(30,8,'change_lecteur','Can change lecteur');
INSERT INTO auth_permission VALUES(31,8,'delete_lecteur','Can delete lecteur');
INSERT INTO auth_permission VALUES(32,8,'view_lecteur','Can view lecteur');
INSERT INTO auth_permission VALUES(33,9,'add_presence','Can add presence');
INSERT INTO auth_permission VALUES(34,9,'change_presence','Can change presence');
INSERT INTO auth_permission VALUES(35,9,'delete_presence','Can delete presence');
INSERT INTO auth_permission VALUES(36,9,'view_presence','Can view presence');
INSERT INTO auth_permission VALUES(37,10,'add_empreinte','Can add empreinte');
INSERT INTO auth_permission VALUES(38,10,'change_empreinte','Can change empreinte');
INSERT INTO auth_permission VALUES(39,10,'delete_empreinte','Can delete empreinte');
INSERT INTO auth_permission VALUES(40,10,'view_empreinte','Can view empreinte');
CREATE TABLE IF NOT EXISTS "auth_group" ("id" integer NOT NULL PRIMARY KEY AUTOINCREMENT, "name" varchar(150) NOT NULL UNIQUE);
CREATE TABLE IF NOT EXISTS "attendancefpcheck_app_user" ("id" integer NOT NULL PRIMARY KEY AUTOINCREMENT, "password" varchar(128) NOT NULL, "last_login" datetime NULL, "is_superuser" bool NOT NULL, "username" varchar(150) NOT NULL UNIQUE, "first_name" varchar(150) NOT NULL, "last_name" varchar(150) NOT NULL, "email" varchar(254) NOT NULL, "is_staff" bool NOT NULL, "is_active" bool NOT NULL, "date_joined" datetime NOT NULL);
INSERT INTO attendancefpcheck_app_user VALUES(1,'pbkdf2_sha256$600000$SmQGFwR9bLZM71JlgokVaN$iBGsmooeh3/QO/m6DKMBVbf012loMgQtK8WBtEvfW3w=','2023-06-16 17:53:32.711882',1,'admin','','','admin@example.com',1,1,'2023-06-16 17:53:16.498958');
CREATE TABLE IF NOT EXISTS "attendancefpcheck_app_user_groups" ("id" integer NOT NULL PRIMARY KEY AUTOINCREMENT, "user_id" bigint NOT NULL REFERENCES "attendancefpcheck_app_user" ("id") DEFERRABLE INITIALLY DEFERRED, "group_id" integer NOT NULL REFERENCES "auth_group" ("id") DEFERRABLE INITIALLY DEFERRED);
CREATE TABLE IF NOT EXISTS "attendancefpcheck_app_user_user_permissions" ("id" integer NOT NULL PRIMARY KEY AUTOINCREMENT, "user_id" bigint NOT NULL REFERENCES "attendancefpcheck_app_user" ("id") DEFERRABLE INITIALLY DEFERRED, "permission_id" integer NOT NULL REFERENCES "auth_permission" ("id") DEFERRABLE INITIALLY DEFERRED);
CREATE TABLE IF NOT EXISTS "attendancefpcheck_app_entreprise" ("id" integer NOT NULL PRIMARY KEY AUTOINCREMENT, "raison_sociale" varchar(100) NOT NULL, "heure_normale_arrivee" time NOT NULL, "heure_normale_depart" time NOT NULL, "duree_horaire_normale" integer unsigned NOT NULL CHECK ("duree_horaire_normale" >= 0));
CREATE TABLE IF NOT EXISTS "attendancefpcheck_app_lecteur" ("id" integer NOT NULL PRIMARY KEY AUTOINCREMENT, "designation" varchar(100) NOT NULL, "description" text NULL, "num_serie" varchar(150) NULL, "type_lecteur" varchar(15) NOT NULL);
CREATE TABLE IF NOT EXISTS "attendancefpcheck_app_presence" ("id" integer NOT NULL PRIMARY KEY AUTOINCREMENT, "date_heure_entree" datetime NOT NULL, "date_heure_sortie" datetime NOT NULL, "entreprise_id" integer NOT NULL REFERENCES "attendancefpcheck_app_entreprise" ("id") DEFERRABLE INITIALLY DEFERRED, "user_id" bigint NOT NULL REFERENCES "attendancefpcheck_app_user" ("id") DEFERRABLE INITIALLY DEFERRED);
CREATE TABLE IF NOT EXISTS "attendancefpcheck_app_empreinte" ("id" integer NOT NULL PRIMARY KEY AUTOINCREMENT, "type_empreinte" varchar(20) NOT NULL, "minutie" varchar(250) NOT NULL, "chemin_image" varchar(100) NOT NULL, "lecteur_id" integer NOT NULL REFERENCES "attendancefpcheck_app_lecteur" ("id") DEFERRABLE INITIALLY DEFERRED, "user_id" bigint NOT NULL REFERENCES "attendancefpcheck_app_user" ("id") DEFERRABLE INITIALLY DEFERRED);
CREATE TABLE IF NOT EXISTS "django_admin_log" ("id" integer NOT NULL PRIMARY KEY AUTOINCREMENT, "object_id" text NULL, "object_repr" varchar(200) NOT NULL, "action_flag" smallint unsigned NOT NULL CHECK ("action_flag" >= 0), "change_message" text NOT NULL, "content_type_id" integer NULL REFERENCES "django_content_type" ("id") DEFERRABLE INITIALLY DEFERRED, "user_id" bigint NOT NULL REFERENCES "attendancefpcheck_app_user" ("id") DEFERRABLE INITIALLY DEFERRED, "action_time" datetime NOT NULL);
CREATE TABLE IF NOT EXISTS "django_session" ("session_key" varchar(40) NOT NULL PRIMARY KEY, "session_data" text NOT NULL, "expire_date" datetime NOT NULL);
INSERT INTO django_session VALUES('7ygla8k8iree2lobpzihjw66w5cmd7l7','.eJxVjL0OwiAURt-F2ZDyXxzdfQZyuVykaiAp7WR8dyXpoMs3fOfkvFiAfSth77SGJbEzE-z0-0XAB9UB0h3qrXFsdVuXyIfCD9r5tSV6Xg73L1Cgl5FFISFaayibadYKhJHSe_I6fReTj1aBIz1PGB2ZjMqa7NE7UNK4KNn7A9mAN7o:1qADdc:oxi1mQdQpmyWU0tTBvOwu6nu783zCsw0H8h0yncoGQY','2023-06-30 17:53:32.808652');
DELETE FROM sqlite_sequence;
INSERT INTO sqlite_sequence VALUES('django_migrations',19);
INSERT INTO sqlite_sequence VALUES('django_content_type',10);
INSERT INTO sqlite_sequence VALUES('auth_permission',40);
INSERT INTO sqlite_sequence VALUES('auth_group',0);
INSERT INTO sqlite_sequence VALUES('django_admin_log',0);
INSERT INTO sqlite_sequence VALUES('attendancefpcheck_app_user',1);
CREATE UNIQUE INDEX "django_content_type_app_label_model_76bd3d3b_uniq" ON "django_content_type" ("app_label", "model");
CREATE UNIQUE INDEX "auth_group_permissions_group_id_permission_id_0cd325b0_uniq" ON "auth_group_permissions" ("group_id", "permission_id");
CREATE INDEX "auth_group_permissions_group_id_b120cbf9" ON "auth_group_permissions" ("group_id");
CREATE INDEX "auth_group_permissions_permission_id_84c5c92e" ON "auth_group_permissions" ("permission_id");
CREATE UNIQUE INDEX "auth_permission_content_type_id_codename_01ab375a_uniq" ON "auth_permission" ("content_type_id", "codename");
CREATE INDEX "auth_permission_content_type_id_2f476e4b" ON "auth_permission" ("content_type_id");
CREATE UNIQUE INDEX "attendancefpcheck_app_user_groups_user_id_group_id_70430e27_uniq" ON "attendancefpcheck_app_user_groups" ("user_id", "group_id");
CREATE INDEX "attendancefpcheck_app_user_groups_user_id_c6564e78" ON "attendancefpcheck_app_user_groups" ("user_id");
CREATE INDEX "attendancefpcheck_app_user_groups_group_id_b4f45c4c" ON "attendancefpcheck_app_user_groups" ("group_id");
CREATE UNIQUE INDEX "attendancefpcheck_app_user_user_permissions_user_id_permission_id_5bdbb029_uniq" ON "attendancefpcheck_app_user_user_permissions" ("user_id", "permission_id");
CREATE INDEX "attendancefpcheck_app_user_user_permissions_user_id_3ad58998" ON "attendancefpcheck_app_user_user_permissions" ("user_id");
CREATE INDEX "attendancefpcheck_app_user_user_permissions_permission_id_09a0780c" ON "attendancefpcheck_app_user_user_permissions" ("permission_id");
CREATE INDEX "attendancefpcheck_app_presence_entreprise_id_54301fc5" ON "attendancefpcheck_app_presence" ("entreprise_id");
CREATE INDEX "attendancefpcheck_app_presence_user_id_637e8420" ON "attendancefpcheck_app_presence" ("user_id");
CREATE INDEX "attendancefpcheck_app_empreinte_lecteur_id_529ee0c0" ON "attendancefpcheck_app_empreinte" ("lecteur_id");
CREATE INDEX "attendancefpcheck_app_empreinte_user_id_53940d29" ON "attendancefpcheck_app_empreinte" ("user_id");
CREATE INDEX "django_admin_log_content_type_id_c4bce8eb" ON "django_admin_log" ("content_type_id");
CREATE INDEX "django_admin_log_user_id_c564eba6" ON "django_admin_log" ("user_id");
CREATE INDEX "django_session_expire_date_a5c62663" ON "django_session" ("expire_date");
COMMIT;
